Unnamed: 0,Производитель,Модель,Размер колес,Подвеска,Рама,Вилка,Трансмиссия,Тормозная система,Шатуны,Цена,Плюсы,Минусы,Порекомендуете ли вы данный продукт?,Ссылка на фото
1,Cannondale,Trail 7,26,Хард тейл,Double Butted 6061 Aluminum),SR Suntour XCT Coil Spring (100mm),"Shimano TX50, Shimano Altus, TX50","Tektro Novella (160,160)",SRAM S600,49500,"Cannondale Trail 7 предлагает отличное соотношение цена/качество, что делает его доступным выбором для новичков","Несмотря на хорошую базовую комплектацию, некоторые компоненты могут быть ниже по качеству и ограничивают возможности для будущих улучшений","Cannondale Trail 7 - это отличный велосипед для тех, кто только начинает свой путь в мире горных велосипедов. Он предлагает хорошую цену и надежную конструкцию, что делает его идеальным для первых поездок по лесным тропам и паркам",1_Cannondale_TRAIL_7.jpg
2,Giant,Talon 5,28,Хард тейл,6061 ALUXX-grade aluminum,"SR Suntour XCT MLO, w/lockout (100mm)","Shimano Altus (Front), SRAM X5 (Rear), SRAM X4 (Shifters)",Tektro Novela mechanical disc (160),SR Suntour,51300,Самый дешевый велосипед с колесами 27.5 на рынке,Вилка,"Если вы ищете начальный велосипед 27.5, то этот вариант подойдет",2_Giant_talon_5.jpg
3,Jamis,Exile Sport,29,Хард тейл,Kinesis 7005 Double Butted Aluminum,RST Blaze 29 TNL (100mm),"Shimano M361, Shimano HG40, Acera, Alivio","Hayes MX-5 mechanical disc (180, 160)",SR Suntour XCT,51750,"Удивительный начальный велосипед, прочная рама",Механические тормоза и передняя вилка,"Как отличный начальный велосипед и за правильную цену он будет замечательным. Рама достаточно хороша, чтобы создать на ее основе более качественный велосипед",3_Jamis_Exile_Sport.jpg
4,Felt,Nine 80,29,Хард тейл,6061 Aluminum,"Suntour XCT, 100mm travel","Altus, SRAM X4, SRAM X4 (3x8)",Tektro MTB (180),Suntour XCT,53910,"Рама из алюминия 6061 обеспечивает хорошую жесткость и долговечность, что делает Felt Nine 80 надежным выбором для катания по разным маршрутам","Как и многие другие велосипеды в своем классе, Felt Nine 80 может быть немного тяжелым, что может сказаться на маневренности, особенно при подъеме","Если вы планируете использовать велосипед для прогулок по лесным тропам или легких трасс, Felt Nine 80 отлично справится с этой задачей",4_Felt_Nine_80.jpg
5,Airborne,Guardian 2.0,29,Хард тейл,6061 Aluminum Hardtail,RockShoc XC28 TK Mg29 (100mm),"SRAM X5, X5, X5",Tektro Auriga Comp,SRAM X5,54000,"Цена, хорошие детали. Отличное обслуживание клиентов",Тяжелый,"Если вы не можете потратить больше, то это достойный выбор",5_Airborne_Guardian_2.0.jpg
6,Airborne,Guardian 2.0,29,Хард тейл,6061 Aluminum,RockShox XC28 TK Mg29 (100mm),"SRAM X5, X5, X5",Tektro Auriga Comp Hydraulic Disc (160),Truvative E400,54000,"Цена, хорошие детали. Отличное обслуживание клиентов",Тяжелый,"Если вы не можете потратить больше, то это достойный выбор",6_Airborne_Guardian_2.0.jpg
7,Trek,Wahoo,26,Хард тейл,Alpha Gold Aluminum (6061 based alloy),SR Suntour XCT V4 (100mm),"Shimano Altus 8 speed, Shimano Acera",Tektro Novela mechanical disc brakes,Truvative E400,55800,Отличный начальный велосипед. Общая функциональность на высоте,"Механические тормоза, несколько неудобное сиденье","Это мой первый горный велосипед, и я его обожаю. Я ездил на нем много раз и не имел никаких проблем",7_Trek_Wahoo.jpg
8,Carrera,Kraken,26,Хард тейл,7005 T6 Aluminium,SR Suntour XCD (120mm),SRAM X5 3x9,Clarks SX hydraulic,SRAM X5,56700,"Цена, легкая рама делает его очень пригодным для модификаций","Можно улучшить, но за свою цену очень хорош. Европейское производство означает высокую стоимость","Мы не тестировали лучшего трейлового велосипеда за менее чем £500. Он великолепен во многих отношениях"". Мне он нравится, и я определенно рекомендую",8_Carrera_Kraken.png
9,Diamondback,Overdrive,29,Хард тейл,6061 Aluminum,SR Suntour XCT (100mm),"Shimano TX50, SRAM X4, SRAM X4 (3x8)",Tektro Novela Disc,SR Suntour XCT,58500,Вилка SR Suntour XCT с ходом 100 мм помогает смягчить удары и улучшает управляемость на неровных участках,"Механические дисковые тормоза могут быть менее эффективными, чем гидравлические, что может сказаться на тормозной мощности в сложных условиях","Diamondback Overdrive - это хороший велосипед для новичков и любителей, которые хотят начать свое приключение в мире горных велосипедов. Он предлагает хорошее соотношение цена/качество, что делает его доступным вариантом для первых поездок",9_Diamondback_Overdrive.jpg
10,Giant,Revel 0,29,Хард тейл,ALUXX- Grade Aluminum,SR Suntour XCM V3 (80mm),"SRAM X5, X5 (3x9)",Avid BB5 Mechanical disc (160),SRAM S600,62100,"Отличная трансмиссия, жесткая рама, хорошая цена",Тормоза и вилка (конечно),"Да, такая же цена, как у Hardrock sport disk, но полная трансмиссия X5 стоит того, чтобы пожертвовать улучшенными тормозами на Hardrock",10_Giant_Revel.jpg
11,Felt,Nine 70,29,Хард тейл,6061 Aluminum,"Suntour XCM HLO, 100mm travel","Acera,Alivio, Acera (3x9)","Tektro Novella mechanical disc, 180mm",Suntour XCM,62910,"Большие колеса обеспечивают отличное преодоление неровностей и большую устойчивость на трассе, что особенно полезно при катании по сложным участкам","Как и многие другие велосипеды в своем классе, Felt Nine 70 может быть немного тяжелым, что может повлиять на маневренность, особенно при подъемах","Велосипед оснащен надежными компонентами, которые обеспечивают комфортное катание. Подвеска и трансмиссия позволяют легко справляться с различными условиями",11_Felt_Nine_70.jpg
12,Specialized,HardRock Sport 29 Disc,29,Хард тейл,Aluminum,"SR Suntour SF13-XCT-MLO 29"" (80mm)","Altus, Acera, Altus (3x8)","Tektro HD-M330, hydraulic (160,160)",SR Suntour XCT,63000,"Рама из алюминия обеспечивает отличную жесткость и долговечность, что делает Specialized HardRock Sport 29 Disc надежным выбором для различных типов катания","Ход вилки в 80 мм может быть недостаточным для более агрессивного катания по сложным маршрутам, что может ограничить комфорт на неровностях","Specialized HardRock Sport 29 Disc - это отличный велосипед для новичков и любителей, которые хотят начать свое приключение в мире горных велосипедов. Он предлагает хорошее соотношение цена/качество, что делает его доступным вариантом для первых поездок",12_Specialized_Hardrock_Sport.jpg
13,Specialized,Hardrock Sport 29 Disc,29,Хард тейл,6061 Aluminium,SR Suntour XCT (80mm),"Altus, Acera, Altus (3x8)",Tektro HDC hydraulic (160mm),SR Suntour XCT,63000,Трансмиссия с компонентами Altus и Acera (3x8) обеспечивает плавное переключение передач и широкий диапазон для различных условий,"Как и многие другие велосипеды в своем классе, Specialized HardRock Sport 29 Disc может быть немного тяжелым, что может повлиять на маневренность, особенно при подъемах","Если вы планируете использовать велосипед для прогулок по лесным тропам или легких трасс, Specialized HardRock Sport 29 Disc отлично справится с этой задачей",13_Specialized_Hardrock_Sport.jpg
14,Cannondale,Aim 26 Disk,26,Хард тейл,6061 Aluminium,SR Suntour XCM (100mm),Shimano Altus 3x8,Shimano hydraulic,Shimano,67500,"Полная трансмиссия и тормоза Shimano, отличные колеса и втулки Shimano",Вилка довольно тугая и плохо контролирует отскок,"Aim хорош по цене и интересен, но вилка имеет обычные проблемы для велосипеда в этой ценовой категории",14_Cannondale_Aim.jpg
15,Cannondale,Trail 5,29,Хард тейл,6061 Aluminum,"SR Suntour XCM-HLO (100mm), spring w/lockout","Altus, Acera, Altus (3x8)","Shiman BR-M375 Mechanical (160,160)",Shimano,70200,"Вилка SR Suntour XCM-HLO с ходом 100 мм и функцией блокировки помогает смягчить удары и улучшает комфорт во время катания, позволяя также блокировать вилку на ровных участках для повышения эффективности","Стандартное сиденье может не подойти для длительных поездок, и его, возможно, потребуется заменить на более комфортное","Если вы планируете кататься более активно, возможно, вам понадобятся улучшения, такие как замена тормозов или сиденья, для повышения производительности",15_Canondalle_Trail_5.jpeg
16,Specialized,Rockhopper,29,Хард тейл,6061 Aluminum,SR Suntour SF13-XCM-LO (100mm),"Acera, Alivio, Acera (3x9)","Tektro HDC 300 (180, 160mm) Hydraulic",SR Suntour XCR,75600,"Отличный начальный велосипед, рама, которую можно модернизировать, и прочная конструкция",Переднюю вилку можно улучшить. Сиденье довольно жесткое,"Попробуйте купить его, когда он на распродаже",16_Specialized_Rockhopper.jpg
17,Specialized,Rockhopper 29,29,Хард тейл,Aluminum,"SR Suntour XCM-LO 29"", hydraulic","Acera,Alivio, Acera 9-speed","Tektro HD-M330, hydraulic (180,180)",SR Suntour XCR,79200,"Specialized Rockhopper 29 — это надежный хардтейл, созданный для тех, кто хочет исследовать горные тропы и наслаждаться активным отдыхом на свежем воздухе. С легкой рамой из алюминия и большими 29-дюймовыми колесами, этот велосипед обеспечивает отличную управляемость и комфорт на различных типах местности","Хотя компоненты Acera и Alivio хорошо справляются с задачами, они могут быть менее качественными по сравнению с более высокими моделями, что ограничивает возможности для будущих улучшений","Хорошая базовая комплектация: Велосипед оснащен надежными компонентами, которые обеспечивают комфортное катание. Подвеска и трансмиссия позволяют легко справляться с различными условиями",17_Specialized_Rockhopper.jpg
18,Airborne,Seeker,29,Хард тейл,6061 Aluminum,Rockshox Recon TK GOLD (Air) 100mm,SRAM X5 2x10,Avid Elixir 1 hydraulic (160),X5 2x10 crank,83700,"Система SRAM X5 с двумя передними и десятью задними скоростями (2x10) обеспечивает широкий диапазон передач и плавное переключение, что позволяет легко справляться с различными ландшафтами","Airborne Seeker может быть несколько дороже, чем некоторые другие хардтейлы начального уровня, что может ограничить его доступность для некоторых покупателей","Airborne Seeker предназначен для тех, кто ищет качественный хардтейл с современными компонентами, способный справляться с различными условиями катания. Он идеально подходит для тех, кто уже имеет опыт в горном велосипеде и хочет улучшить свои навыки",18_Airborne_Seeker.jpg
19,Giant,Yukon FX,26,Полная подвеска,ALUXX-Grade Aluminum,"SR Suntour XCM V3 w/ Lockout, 100mm Travel, Giant aAir rear shock","SRAM X4, 3x8 Speed,","Tektro Novela, 160mm",SR Suntour XCT-V2,99000,Один из немногих начальных ($1000) велосипедов с полной подвеской на рынке. Велосипед с полной подвеской за цену хардтейла. Компоненты легко поддаются модернизации,"Амортизаторы недостаточны, но могут быть заменены. Компоненты низкого качества","Для кого-то с ограниченным бюджетом, ищущего велосипед с полной подвеской, не разоряясь, этот велосипед может подойти",19_Giant_Yukon_FX.jpg
20,Specialized,Rockhopper Comp,29,Хард тейл,6061 Aluminium,"Rockshox XC 28 (80mm small, 100mm other sizes)","Acera, Deore, Alivio (3x9)","Tektro Drako 2 (180, 160)",Sram X7,99000,"Прочная рама, хорошая управляемость. Отличные шины. Хорошо поднимается в гору. Также неплохо ведет себя на спусках",Немного тяжелый — чуть больше 30 фунтов. Вилка не очень хорошая и могла бы иметь более толстые стойки. У меня были смешанные впечатления от тормозов,"Если вы можете получить его по хорошей цене, то да. В противном случае, я думаю, вы можете найти лучший велосипед за свои деньги",20_Specialized_Rockhopper_Comp.jpg
21,Airborne,Goblin,29,Хард тейл,6061 Aluminum Hardtail,Rockshox Reba,SRAM x7,"Avid elixir 7 hydraulic (180, 160)",Sram X7,108000,"Отличные производительные детали и вес за потраченные деньги. Единственный другой бренд, предлагающий такой уровень деталей в этой ценовой категории, — Motobecane","Доступен только для онлайн-покупки, маленький бренд, убедитесь, что вы покупаете правильный размер рамы",Хороший XC велосипед с надежными компонентами. Все детали находятся на более высоком уровне по сравнению с аналогичными и более дорогими велосипедами,21_Airborne_Goblin.jpg
22,Kona,Kahuna,29,Хард тейл,7005 Aluminum,Rockshox XC 32 (100mm),"SRAM x5, 10 Speed","Avid elixir 1 hydraulic (180, 160)","FSA Gamma Drive
",108000,"Отличный велосипед для высоких райдеров, нормальный вес",Отличный велосипед для доработки. Рама — это главное достоинство этого велосипеда наряду с штатными шинами,"Поскольку я ростом 6'2"", с более длинной геометрией верхней трубы он кажется более естественным",22_Kona_Kahuna.jpg
23,Kona,Kahuna,29,Хард тейл,Aluminum,RockShox XC 32 TK 100mm Tapered,Shimano Deore,Shimano Deore (180/160),"FSA Gamma Drive
",116910,"Эффективные тормоза Shimano Deore: Система тормозов с дисками (180/160 мм) обеспечивает надежную тормозную мощность и контроль, что особенно важно на спусках","Хотя алюминиевая рама легкая, Kona Kahuna может быть несколько тяжелее, чем некоторые модели с углеродными рамами, что может повлиять на маневренность","Kona Kahuna — это превосходный хардтейл для тех, кто хочет наслаждаться катанием по трейлам и испытывать новые приключения. Он предлагает хорошее соотношение цена/качество и надежные характеристики, что делает его отличным вариантом для начинающих и опытных велосипедистов",23_Kona_Kahuna.jpg
24,Kona,Taro,29,Хард тейл,6061 Aluminium,Rockshox Sektor TK,"Deore 1x9, alivio shifters","Avid elixir 1 hydraulic (180, 160)","FSA Step-Up, with chainguide",126000,"Короткие перья, расслабленный угол рулевой колонки, хороший выбор, если вы хотите попробовать более сложные трассы","Вилка Rockshox Sektor TK может не иметь столь обширных возможностей настройки, как более дорогие модели, что может ограничить опыт более продвинутых велосипедистов","Kona Taro предлагает хорошее соотношение цена/качество и подходит для тех, кто хочет кататься по легким и средним трассам, а также для тех, кто только начинает свое путешествие в мир горных велосипедов",24_Kona_Taro.jpg
25,Specialized,Carve Comp 29,29,Хард тейл,M4SL Aluminum Hardtail,RockShox Recon Gold,"x5, x7, x5",Avid Elixir 1,Custom SRAM,144000,"Хороший вес, прочная рама","Педали/грипсы и т.д. требуют модернизации, детали не такого высокого качества, как у некоторых велосипедов в аналогичной ценовой категории","Если это в вашем ценовом диапазоне и вы не против модернизировать свой велосипед по мере катания, это хороший долгосрочный велосипед",25_Specialized_Crave_Comp.jpg
26,Trek,X-Caliber,29,Хард тейл,Alpha Gold Aluminum,RockShox Reba RL,"Deore, X7",Avid Elixir 1,SRAM S1000,153000,"Быстро катится, отлично поднимается, отличное соотношение цена/качество","Грипсы, шины","Если вы ищете довольно хороший хардтейл для XC, обратите внимание на X-Cal. Действительно отличный велосипед за свои деньги",26_Trek_X-Caliber.png
27,Kona,Tanuki,26,Полная подвеска,6069 Alum,RockShox Sektor R Coil 130,Deore/Acera,Elixir 1 180/160,Shimano Acera,153000,"Прочный каркас, интересный в управлении трейловый велосипед",Компоненты низкого качества,"Хороший начальный уровень с полной подвеской. Катайтесь на нем до тех пор, пока что-то не сломается, затем обновите",27_Kona_Tanuki.png
28,Specialized,Stumpjumper Comp,29,Хард тейл,M5 Alloy,90mm Rockshox Reba RL,"X7,X9 type II, X7, 2x10",Magura MTS 180/160,Custom SRAM 38/24,180000,"Легкий, ободья готовы к безвоздушным шинам, отличная работа трансмиссии и тормозов","Педали пластиковые, из-за коротких перьев большая звезда не работает хорошо с большими передачами на кассете, что приводит к большему количеству переключений","Если вы ищете агрессивный XC хардтейл, Stumpjumper отлично поднимается и спускается по трассам",28_Specialized_Stumpjumper_Comp.png
29,Giant,Trance 27.5 3,28,Полная подвеска,ALUXX-Grade Aluminum,"SR Suntour XCM V3 w/ Lockout, 100mm Travel, Giant aAir rear shock","SRAM X4, 3x8 Speed,","Tektro Novela, 160mm",SR Suntour XCT-V2,191250,"Легкая рама ALUXX-Grade Aluminum: Рама изготовлена из высококачественного алюминия, что обеспечивает прочность и легкость, делая велосипед удобным для длительных поездок","Несмотря на хорошее качество, механические тормоза и трансмиссия могут быть менее эффективными по сравнению с гидравлическими системами, что может повлиять на общую производительность","Giant Trance 27.5 3 — это мощный велосипед с полной подвеской, созданный для тех, кто ищет комфорт и производительность на разнообразных трассах. С легкой рамой из алюминия и современными компонентами, этот велосипед отлично справляется с неровностями и обеспечивает отличную управляемость на сложных маршрутах",29_Giant_Trance.jpg
30,Giant,XTC Composite 29er 1,29,Полная подвеска,Giant Composite,Fox Float F29,Shimano SLX/XT,Shimano SLX,Shimano Acera,252000,Отличная цена за характеристики,"Композит Giant действительно не такого же качества (или веса), как у некоторых брендов","Если вы хотите хардтейл 29er с фантастическими компонентами за свою цену, и он очень способен, то вы не ошибетесь с этим велосипедом",30_Giant_XTC_Composite.png
31,Yeti,SB-66c,26,Полная подвеска,SB066c Large,Fox Float 150,Shimano XT,Shimano XT m785 (180/160),Shimano XT,504000,"Отличный велосипед, супер легкий, супер прочный зад. Чувствуется в велосипеде, а не на велосипеде. Оснащен прочными колесами, прочными осями, карбоновыми рулем и подседельным штырем. Рама имеет встроенные защитные элементы для задних перьев и нижней трубы","Довольно дорого. Задний амортизатор Fox RP23 иногда может быть недостаточным для того типа катания, для которого предназначен этот велосипед","Я бы очень рекомендовал его, если у вас есть деньги. Если вы не можете позволить себе углеводородную версию, обязательно попробуйте взять алюминиевую. Подвеска кажется бездонной, и практически нет раскачки при педалировании. Стоит каждой копейки",31_Yeti_SB66c.png
32,Specialized,Demo 8 Carbon 1 (2013),26,Полная подвеска,Fact 10 Carbon Fiber,Boxxer RC 203 mm,Sram x9,Avid Elixer 5 (200/180),Truvativ,594000,"Легкий, жесткий, низкий центр тяжести, короткие перья, очень маневренный на высоких скоростях",Вилка/колеса/тормоза все ниже среднего для этой цены,Да,32_Specialized_Demo_8.jpg
33,Giant,Anthem 27.5 3,28,Полная подвеска,ALUXX SL-grade Aluminum,"Rockshox Recon Gold RL 100mm, 15mm TA
Rockshox Monarch R (100mm rear travel)","Web specs list says full Shimano Deore, bikes are actually coming with SLX shifters and FD, Deore Shadow+ clutch RD, 11-36 Deore cassette","Shimano M395, 160/160",SRAM S-series 38/26,195750,Маневренное управление и очень быстрое ускорение. Подвеска Maestro отличная и не требует платформенного амортизатора для подъема. Низкий центр тяжести позволяет велосипеды чувствовать себя очень стабильными в поворотах. Короткие перья позволяют легко поднимать переднюю часть и поворачивать велосипед. Получить зажимной переключатель на этой ценовой категории — это приятно,"Так себе спецификации за деньги. Штатные колеса Giant невероятно тяжелые и не очень жесткие. Начальная спецификация означает, что вы получаете велосипед, который очень тяжелый для того, который продается как XC-гонщик. Очень низкая высота центра тяжести, которая полезна в поворотах, может быть неудобной на технических подъемах или каменистых участках, требующих педалирования. Большинство из этого можно избежать, изменив технику педалирования, но дополнительные удары по педалям/кривошипам избежать нельзя","Да. Этот велосипед — надежная покупка для кого-то, кто ищет удобный, но игривый XC велосипед для общего катания по тропам и/или гонок и не ищет 29er по каким-либо причинам. Спецификации частей прослужат вам несколько сезонов, пока вы не будете готовы модернизировать некоторые из них, чтобы облегчить вес и действительно превратить его в ракету. Если возможно, выделите бюджет на безвоздушный комплект колес (и шины/комплект для безвоздушных шин), и велосипед действительно станет ракетой",33_Giant_Anthem.jpg
34,Giant,Revel 1,26,Хард тейл,ALUXX Butted Aluminum,"SR SunTour XCM V3 w/preload adjust, 100mm-travel","X4 rear derailleur, x3 shifters, Shimano altus front derailleur","Tektro Novella (160,160)",suntour,241200,"Лучше спецификации/цена, чем у Trek или Specialized в той же ценовой категории",Вилка = пого-стик,"Я не разочаровался. Я не смог найти доступный на местном рынке начальный велосипед с лучшими характеристиками за такую цену. Это был мой первый велосипед, и он прослужил мне 3 года, безусловно, лучший велосипед в своей ценовой категории",34_Giant_Revel_1.jpg
35,Northrock,xc6,26,Хард тейл,6061 Aluminum,SR Suntour XCT 80mm,"Acera, Acera, Altus",Tektro Novela mechanical disc (160),Shimano,136800,"арантия от Costco, хорошие компоненты/цена",Нужно собирать самостоятельно. Это займет время на YouTube,"Northrock XC6 — это надежный хардтейл, который идеально подходит для начинающих и любителей, стремящихся исследовать новые маршруты и наслаждаться катанием по пересеченной местности. С легкой рамой из алюминия и проверенными компонентами, этот велосипед предлагает отличное соотношение цена/качество",35_Northrock_XC6.jpg
36,Specialized,Demo,26,Полная подвеска,Aluminum,Boxxer RC 203 mm,"Acera, Deore, Alivio (3x9)",Shimano,Shimano,177300,"Удивительная геометрия, супер быстрая, хорошие компоненты за свою цену",Вилка с пружиной,"Specialized Demo создан для экстремального катания, что делает его отличным выбором для тех, кто хочет покорять крутые спуски и технические участки. Если вы являетесь опытным велосипедистом, который ищет надежное средство для даунхилла, Specialized Demo станет отличным выбором.",36_Specialized_Demo.png
